family,product-type,steel,carbon,hardness,temper_rolling,condition,formability,strength,non-ageing,surface-finish,surface-quality,enamelability,bc,bf,bt,bw/me,bl,m,chrom,phos,cbond,marvi,exptl,ferro,corr,blue/bright/varn/clean,lustre,jurofm,s,p,shape,thick,width,len,oil,bore,packing,class
?,C,A,8,0,?,S,?,0,?,?,G,?,?,?,?,?,?,?,?,?,?,?,?,?,?,?,?,?,?,?,COIL,0.7,610,0,?,0,?,3
?,C,R,0,0,?,S,2,0,?,?,E,?,?,?,?,?,?,?,?,?,?,?,?,?,?,?,Y,?,?,?,COIL,3.2,610,0,?,0,?,3
?,C,R,0,0,?,S,2,0,?,?,E,?,?,Y,?,B,?,?,?,?,?,?,?,?,?,?,?,?,?,?,SHEET,0.7,1300,762,?,0,?,3
?,C,A,0,60,T,?,?,0,?,?,G,?,?,?,?,M,?,?,?,?,?,?,?,?,?,?,?,?,?,?,COIL,2.801,385.1,0,?,0,?,3
?,C,A,0,60,T,?,?,0,?,?,G,?,?,?,?,B,Y,?,?,?,Y,?,?,?,?,?,?,?,?,?,SHEET,0.801,255,269,?,0,?,3
?,C,A,0,45,?,S,?,0,?,?,D,?,?,?,?,?,?,?,?,?,?,?,?,?,?,?,?,?,?,?,COIL,1.6,610,0,?,0,?,3
?,C,R,0,0,?,S,2,0,?,?,E,?,?,?,?,?,Y,?,?,?,?,?,?,?,?,?,?,?,?,?,SHEET,0.699,610,4880,Y,0,?,3
?,C,A,0,0,?,S,2,0,?,?,E,?,?,?,?,?,?,?,?,?,?,?,?,?,?,?,Y,?,?,?,COIL,3.3,152,0,?,0,?,3
?,C,R,0,0,?,S,2,0,?,?,E,?,?,?,?,?,?,?,?,?,?,?,?,?,?,?,Y,?,?,?,COIL,0.699,1320,0,?,0,?,3
?,C,A,0,0,?,S,3,0,N,?,E,?,?,?,?,?,?,?,?,?,?,?,?,?,?,?,?,?,?,?,SHEET,1,1320,762,?,0,?,3
?,C,R,0,0,?,S,2,0,?,?,E,?,?,?,?,?,?,?,?,?,?,?,?,?,?,?,?,?,?,?,COIL,1.2,610,0,?,0,?,3
?,C,R,0,0,?,S,2,0,?,?,E,?,?,?,?,?,Y,?,?,?,?,?,?,?,?,?,?,?,?,?,SHEET,0.3,1320,4880,Y,0,?,3
?,C,R,0,0,?,S,2,0,?,?,E,?,?,?,?,B,Y,?,?,?,Y,?,?,?,?,?,?,?,?,?,SHEET,1.2,610,150,?,0,?,3
?,C,A,0,45,?,S,?,0,?,?,D,?,?,?,?,?,?,?,?,?,?,?,?,?,?,?,?,?,?,?,COIL,1.2,609.9,0,?,0,?,3
?,C,A,0,0,?,S,2,0,?,?,F,?,?,Y,?,?,?,?,?,?,?,?,?,?,?,?,?,?,?,?,SHEET,0.6,1220,761,?,0,?,3
?,C,A,0,0,?,S,2,0,?,?,E,?,?,?,?,?,?,?,?,?,?,?,?,?,?,?,?,?,?,?,SHEET,4,1320,762,?,0,?,3
?,C,A,10,0,?,?,?,0,?,?,E,?,?,?,?,?,?,?,?,?,?,?,?,?,?,?,?,?,?,?,COIL,3.201,600,0,?,0,?,U
?,C,A,0,80,T,?,?,0,?,?,G,?,?,?,?,?,?,?,?,?,?,?,?,?,?,?,?,?,?,?,SHEET,0.8,610,4170,Y,0,?,U
?,C,A,0,0,?,S,2,0,?,?,E,?,?,?,?,?,?,?,?,?,?,?,?,?,?,?,?,?,?,?,SHEET,3.2,1320.1,762,?,0,?,3
?,C,A,0,70,T,?,?,0,?,?,G,?,?,?,?,?,?,?,?,?,?,?,?,?,?,?,?,?,?,?,COIL,0.501,1200.1,0,?,0,?,3
?,C,A,0,0,?,S,2,0,?,?,F,?,?,Y,?,?,Y,?,?,?,?,?,?,?,?,?,?,?,?,?,SHEET,0.6,610,761,?,0,?,3
?,C,K,55,0,?,?,?,0,?,?,?,?,?,?,?,?,?,?,?,?,?,?,?,?,?,?,?,?,?,?,COIL,0.8,610,0,?,0,?,3
?,C,A,0,85,T,?,?,0,?,?,G,?,?,?,?,?,?,?,?,?,?,?,?,?,?,?,?,?,?,?,COIL,1.001,50,0,?,0,?,U
?,C,S,70,0,?,?,?,0,?,?,?,?,?,?,?,?,?,?,?,?,?,?,?,?,?,?,?,?,?,?,COIL,3.2,609.9,0,?,0,?,3
?,C,A,3,0,T,?,?,0,?,?,?,?,?,Y,?,?,?,?,?,?,?,?,?,?,?,?,?,?,?,?,COIL,0.5,610,0,?,0,?,1
?,C,?,0,50,T,?,?,0,?,?,G,?,?,?,Y,?,?,?,?,?,?,?,?,?,?,?,?,?,?,?,COIL,3.2,1320,0,?,0,?,3
?,C,A,0,60,T,?,?,0,?,?,G,?,?,?,?,B,Y,?,?,?,Y,?,?,?,?,?,?,?,?,?,SHEET,0.8,356,4880,?,0,?,3
?,C,R,0,0,?,S,2,0,?,?,E,?,?,?,?,?,?,?,?,?,Y,?,?,?,?,?,?,?,?,?,SHEET,0.7,609.9,4170,?,0,?,3
?,C,K,55,0,?,?,?,0,?,?,?,?,?,?,?,?,?,?,?,?,?,?,?,?,?,?,?,?,?,?,COIL,0.8,900,0,?,0,?,3
?,C,W,0,0,?,?,?,310,?,?,G,?,?,?,?,?,?,?,?,?,?,?,?,?,?,?,?,?,?,?,COIL,1.6,610,0,?,500,?,3
TN,C,A,0,0,?,?,3,0,N,?,?,?,?,?,?,B,?,?,?,?,?,?,?,Y,?,?,?,?,?,?,SHEET,0.6,610,4880,?,0,?,5
?,C,?,0,45,?,S,?,0,?,?,E,?,?,?,?,?,?,?,?,?,Y,?,?,?,?,?,?,?,?,?,SHEET,1.4,1320,4170,?,0,?,3
?,C,A,0,45,?,S,?,0,?,?,D,?,?,?,?,B,?,?,?,?,?,?,?,?,?,?,?,?,?,?,SHEET,0.699,1320,762,?,0,?,3
?,C,A,0,85,T,?,?,0,?,?,G,?,?,?,?,?,?,?,?,?,?,?,?,?,?,?,?,?,?,?,COIL,4,450,0,?,0,?,U
?,C,A,0,0,?,S,3,0,N,?,F,?,?,?,?,?,?,?,?,?,?,?,?,?,?,?,?,?,?,?,SHEET,0.75,1320,4880,?,0,?,3
TN,C,A,0,0,?,?,3,0,N,?,?,?,?,?,?,B,?,?,?,?,?,?,?,?,?,?,?,?,?,?,COIL,1.6,1220,0,?,0,?,5
?,C,M,0,0,?,?,?,350,?,?,G,?,?,?,Y,?,?,?,?,?,?,?,?,?,?,?,?,?,?,?,COIL,1.399,1320,0,?,0,?,3
?,C,A,0,50,T,?,?,0,?,?,G,?,?,?,Y,?,?,?,?,?,?,?,?,?,?,?,?,?,?,?,COIL,0.6,1320,0,?,0,?,3
?,C,R,0,0,?,S,2,0,?,?,E,?,?,?,?,?,?,?,?,?,?,?,?,?,?,?,?,?,?,?,COIL,0.651,20,0,?,0,?,3
?,C,R,0,0,?,S,2,0,?,?,E,?,?,?,?,?,?,?,?,?,?,?,?,?,?,?,?,?,?,?,SHEET,1.6,374.9,4880,?,0,?,3
ZS,C,A,0,0,?,S,3,0,N,?,E,?,?,?,?,?,?,?,?,?,?,?,?,?,?,?,?,?,?,?,COIL,1.6,50,0,?,0,?,3
?,C,R,0,0,?,S,2,0,?,?,E,?,?,Y,?,?,Y,?,?,?,?,?,?,?,?,?,?,?,?,?,SHEET,0.699,1320,4880,Y,0,?,3
ZS,C,A,0,50,T,?,?,0,?,?,E,?,?,?,?,?,?,?,?,?,?,?,?,?,?,?,?,?,?,?,COIL,0.7,610,0,?,0,?,3
?,C,R,0,0,?,S,3,0,?,?,E,?,?,?,?,?,?,?,?,?,?,?,?,?,?,?,?,?,?,?,SHEET,0.6,610,762,?,0,?,3
TN,C,A,0,0,?,?,3,0,N,?,?,?,?,?,?,?,?,?,?,?,?,?,?,Y,?,?,?,?,?,?,COIL,0.799,20,0,?,0,?,5
?,C,A,0,0,?,S,2,0,?,?,F,?,?,Y,?,?,?,?,?,?,?,?,?,?,?,?,?,?,?,?,SHEET,0.6,610,301,?,0,?,3
?,C,R,0,0,?,S,3,0,?,?,E,?,?,?,?,?,?,?,?,?,?,?,?,?,?,?,?,?,?,?,SHEET,0.601,610,4880,?,0,?,3
?,C,A,0,45,?,S,?,0,?,?,D,?,?,?,?,?,Y,?,?,?,?,?,?,?,?,?,?,?,?,?,SHEET,0.7,1320,4880,?,0,?,3
?,C,W,0,0,?,?,?,310,?,?,G,?,?,?,?,B,?,?,?,?,?,?,?,?,?,?,?,?,?,?,COIL,2.5,1274.9,0,?,500,?,3
?,C,A,0,0,?,S,2,0,?,?,G,?,?,?,?,?,?,?,?,?,?,?,?,?,?,?,?,?,?,?,SHEET,0.699,1320,4880,N,0,?,3
?,C,A,0,0,?,S,2,0,?,?,E,?,?,?,?,B,Y,?,?,?,?,?,?,?,?,?,?,?,?,?,SHEET,0.7,609.9,762,?,0,?,3
?,C,?,0,0,?,S,1,0,?,?,G,?,?,?,?,?,?,?,?,?,?,?,?,?,?,?,?,?,?,?,SHEET,0.3,1320,761,?,0,?,3
?,C,R,0,0,?,S,2,0,?,?,E,?,?,?,?,B,Y,?,?,?,?,?,?,?,?,?,?,?,?,?,SHEET,1.599,1300,762,?,0,?,3
?,C,A,0,45,?,S,?,0,?,?,D,?,?,?,?,?,?,?,?,?,?,?,?,?,?,?,?,?,?,?,SHEET,0.599,150,4880,?,0,?,3
?,C,A,0,0,?,S,2,0,?,?,E,?,?,?,Y,?,?,?,?,?,?,?,?,?,?,?,?,?,?,?,COIL,0.7,1320,0,?,0,?,3
?,C,R,0,0,?,S,2,0,?,?,E,?,?,?,?,?,?,?,?,?,?,?,?,?,?,?,?,?,?,?,SHEET,0.7,374.9,4880,?,0,?,3
?,C,?,0,0,?,A,2,0,?,?,G,?,?,?,?,?,?,?,?,?,?,?,?,?,?,?,?,?,?,?,SHEET,0.301,610,762,Y,0,?,3
?,C,A,0,0,?,?,?,500,?,?,G,?,?,?,?,?,?,?,?,?,?,?,?,?,?,?,?,?,?,?,COIL,1.6,1320,0,?,0,?,3
?,C,A,0,0,?,S,2,0,?,?,G,?,?,?,Y,?,?,?,?,?,?,?,?,?,?,?,?,?,?,?,SHEET,3.2,1300,762,?,0,?,3
ZS,C,A,0,0,?,S,5,0,N,?,E,?,?,?,?,?,?,?,?,?,?,?,?,?,?,?,?,?,?,?,SHEET,1.2,610,762,?,0,?,3
ZS,C,A,0,0,?,S,5,0,N,?,E,?,?,?,?,?,?,?,?,?,?,?,?,?,?,?,?,?,?,?,SHEET,1.2,610,4880,?,0,?,3
?,C,A,0,0,?,S,3,0,N,?,F,?,?,?,?,B,Y,?,?,?,Y,?,?,?,?,?,?,?,?,?,SHEET,0.6,1220,762,?,0,?,3
?,C,A,0,45,?,S,?,0,?,?,D,?,?,?,?,?,?,?,?,?,?,?,?,?,?,?,?,?,?,?,COIL,0.301,610,0,?,0,?,3
ZS,C,A,0,85,T,?,?,0,?,?,E,?,?,?,Y,?,?,?,?,?,?,?,?,?,?,?,?,?,?,?,SHEET,1,610,762,?,0,?,U
?,C,R,0,0,?,S,2,0,?,?,E,?,?,?,?,B,?,?,?,?,?,?,?,?,?,?,?,?,?,?,SHEET,1.6,500,762,?,0,?,3
?,C,?,0,0,?,S,1,0,?,?,G,?,?,?,?,B,Y,?,?,?,?,?,?,?,?,?,?,?,?,?,SHEET,0.301,515,610,Y,0,?,3
TN,C,A,0,0,?,?,3,0,N,?,?,?,?,?,?,?,?,?,C,?,?,?,?,?,?,?,?,?,?,?,SHEET,1.2,335,611,?,0,?,5
?,C,R,0,0,?,S,3,0,?,?,?,?,?,?,?,?,?,?,?,?,?,?,?,?,?,?,?,?,?,?,SHEET,0.8,1320,762,?,0,?,2
?,C,A,0,0,?,S,2,0,?,?,E,?,?,?,?,?,?,?,?,?,?,?,?,?,?,?,?,?,?,?,COIL,0.4,20,0,?,0,?,3
TN,C,A,0,0,?,?,3,0,N,?,?,?,?,?,?,?,?,?,C,?,?,?,?,?,?,?,?,?,?,?,COIL,0.6,250,0,?,0,?,5
?,C,A,0,70,T,?,?,0,?,?,G,?,?,?,?,?,?,?,?,?,?,?,?,?,?,?,?,?,?,?,COIL,0.801,610,0,?,600,?,3
?,C,R,0,0,?,S,2,0,?,?,E,?,?,?,Y,M,?,?,?,?,?,?,?,?,?,?,?,?,?,?,COIL,3.5,610,0,?,600,?,3
?,C,?,0,0,?,S,1,0,?,?,G,?,?,?,?,?,?,?,?,?,?,?,?,?,?,?,?,?,?,?,SHEET,0.699,610,762,Y,0,?,3
?,C,R,0,0,?,S,2,0,?,?,E,?,?,?,?,B,?,?,?,?,?,?,?,?,?,?,?,?,?,?,COIL,0.799,1300,0,?,0,?,3
?,C,A,4,0,T,?,?,0,?,?,G,?,?,?,?,?,?,?,?,?,?,?,?,?,?,?,?,?,?,?,COIL,0.5,1130,0,?,0,?,3
?,C,R,0,0,?,S,3,0,?,?,E,?,?,?,?,?,?,?,?,?,?,?,?,?,?,?,?,?,?,?,SHEET,0.6,609,612,?,0,?,3
?,C,?,0,0,?,?,?,500,?,P,?,?,?,?,?,?,?,?,?,?,?,?,?,?,?,?,?,?,?,?,SHEET,1.6,609.9,4880,?,0,?,2
?,C,A,0,0,?,S,3,0,N,?,G,?,?,?,?,?,?,?,?,?,?,?,?,?,?,?,?,?,?,?,COIL,0.601,1320,0,?,0,?,3
ZS,C,A,0,70,T,?,?,0,?,?,E,?,?,?,?,?,?,?,?,?,?,?,?,?,?,?,?,?,?,?,COIL,2,1250,0,?,0,?,3
?,C,R,0,0,?,S,2,0,?,?,E,?,?,Y,?,?,?,?,?,?,?,?,?,?,?,?,?,?,?,?,SHEET,3.2,1320,4880,?,0,?,3
?,C,A,0,45,?,S,?,0,?,?,E,?,?,?,?,?,?,?,?,?,Y,?,?,?,?,?,?,?,?,?,COIL,0.7,610,0,?,0,?,3
?,C,A,0,0,?,S,2,0,?,?,F,?,?,Y,?,?,?,?,?,?,?,?,?,?,?,?,?,?,?,?,SHEET,0.6,610,762,?,0,?,3
?,C,V,0,0,?,S,2,0,?,?,?,2,?,?,?,?,?,?,?,?,?,?,?,?,?,?,?,?,?,?,SHEET,1.599,610,1,?,0,?,2
?,C,A,0,50,T,?,?,0,?,?,G,?,?,?,?,?,?,?,?,?,?,?,?,?,?,?,?,?,?,?,COIL,0.8,609.9,0,?,0,?,3
ZS,C,R,0,0,?,S,3,0,?,?,E,?,?,?,?,?,?,?,?,?,?,?,?,?,?,?,?,?,?,?,SHEET,1.6,610,4880,?,0,?,3
?,C,K,45,0,?,?,?,0,?,?,?,?,?,?,Y,M,?,?,?,?,?,?,?,?,?,?,?,?,?,?,COIL,3.2,640,0,?,600,?,3
?,C,R,0,0,?,S,3,0,?,?,?,?,?,?,?,B,?,?,?,?,?,?,?,?,?,?,?,?,?,?,SHEET,0.8,1320,4880,?,0,?,2
?,C,A,0,0,?,S,2,0,?,?,E,?,?,?,?,?,?,?,?,?,Y,?,?,?,?,?,?,?,?,?,COIL,1.6,610,0,?,0,3,3
?,C,M,0,0,?,?,?,600,?,?,G,?,?,?,Y,?,?,?,?,?,?,?,?,?,?,?,?,?,?,?,COIL,1.6,1090,0,?,0,?,2
TN,C,?,0,0,?,A,1,0,?,?,?,?,?,?,?,?,?,?,C,?,?,?,?,?,?,?,?,?,?,?,COIL,0.5,610,0,?,0,?,5
?,C,A,10,0,?,?,?,0,?,?,E,?,?,?,?,?,?,?,?,?,?,?,?,?,?,?,?,?,?,?,COIL,1.201,1320,0,?,0,?,U
?,C,?,0,0,?,S,1,0,?,?,G,?,?,?,?,?,?,?,?,?,?,?,?,?,?,?,?,?,?,?,SHEET,0.3,610,762,Y,0,?,3
?,C,A,0,0,?,S,2,0,?,?,E,?,?,?,?,?,?,?,?,?,?,?,?,?,?,?,?,?,?,?,SHEET,0.7,1320.1,4880,?,0,?,3
?,C,A,0,0,?,S,2,0,?,?,E,?,?,?,?,?,Y,?,?,?,?,?,?,?,?,?,?,?,?,?,SHEET,0.7,610,4880,?,0,?,3
?,C,K,55,0,?,?,?,0,?,?,?,?,?,?,Y,M,?,?,?,?,?,?,?,?,?,?,Y,?,?,?,COIL,1.5,640,0,?,0,?,3
?,C,A,0,45,?,S,?,0,?,?,D,?,?,?,?,?,?,?,?,?,?,?,?,?,?,?,?,?,?,?,SHEET,0.599,609.9,4880,?,0,?,3
?,C,R,0,0,?,S,3,0,?,?,?,?,?,?,?,B,Y,?,?,?,?,?,?,?,?,?,?,?,?,?,SHEET,0.8,610,762,?,0,?,2
TN,C,A,0,0,?,?,3,0,N,?,?,?,?,?,?,?,?,?,?,?,?,?,?,Y,?,?,?,?,?,?,SHEET,1.6,610,761,?,0,?,5
TN,C,A,0,0,?,?,3,0,N,?,?,?,?,?,?,B,?,?,?,?,?,?,?,?,?,?,?,?,?,?,COIL,0.6,610,0,?,0,?,5
?,C,R,0,0,?,S,2,0,?,?,?,?,?,?,?,?,Y,?,?,?,?,?,?,?,?,?,?,?,?,?,SHEET,1.599,610,4880,?,0,?,2
?,C,R,0,0,?,S,2,0,?,?,?,?,?,?,?,B,Y,?,?,?,?,?,?,?,?,?,?,?,?,?,SHEET,2,610,612,?,0,?,2
?,C,R,0,0,?,?,?,500,?,?,?,?,?,?,?,?,?,?,?,?,?,?,?,?,?,?,?,?,?,?,SHEET,1,610,4880,?,0,?,3
?,C,A,0,0,?,S,2,0,?,?,F,?,?,?,?,?,?,?,?,?,?,?,?,?,?,?,?,?,?,?,SHEET,0.999,610,762,?,0,?,3
?,C,A,0,0,?,S,2,0,?,?,F,?,?,Y,?,B,Y,?,?,?,?,?,?,?,?,?,?,?,?,?,SHEET,0.699,610,761,?,0,?,3
?,C,R,6,0,T,?,?,0,?,?,?,?,?,Y,?,?,?,?,?,?,?,?,?,?,?,?,?,?,?,?,COIL,0.5,25,0,?,0,?,3
?,C,A,0,45,?,S,?,0,?,?,D,?,?,?,?,?,Y,?,?,?,?,?,?,?,?,?,?,?,?,?,SHEET,0.7,610,762,?,0,?,3
?,C,A,0,45,?,S,?,0,?,?,D,?,?,?,?,B,?,?,?,?,?,?,?,?,?,?,?,?,?,?,COIL,1.6,610,0,?,0,?,3
TN,C,A,0,0,?,?,3,0,N,?,?,?,?,?,?,?,?,?,?,P,?,?,?,?,?,?,?,?,?,?,SHEET,0.5,1220,4880,?,0,?,5
?,C,R,0,0,?,S,2,0,?,?,E,?,?,Y,?,B,?,?,?,?,?,?,?,?,?,?,?,?,?,?,SHEET,0.7,1300,4880,?,0,?,3
?,C,A,0,0,?,S,2,0,?,?,E,?,?,?,?,B,?,?,?,?,?,?,?,?,?,?,?,?,?,?,SHEET,0.7,609.9,762,?,0,?,3
?,C,?,0,0,T,S,2,0,?,?,?,?,?,?,?,?,?,?,?,?,?,?,?,?,?,?,?,?,?,?,COIL,0.7,1320,0,?,0,?,3
?,C,A,0,70,T,?,?,0,?,?,G,?,?,?,?,B,?,?,?,?,?,?,?,?,?,?,?,?,?,?,COIL,0.8,50,0,?,0,?,3
TN,C,A,0,0,?,?,3,0,N,?,?,?,?,?,?,?,?,?,C,?,?,?,?,?,?,?,?,?,?,?,SHEET,0.6,1220,761,?,0,?,5
?,C,R,0,0,?,S,2,0,?,?,E,?,?,Y,?,?,?,?,?,?,?,?,?,?,?,?,?,?,?,?,SHEET,0.699,610,4880,Y,0,?,3
?,C,R,0,0,?,?,?,500,?,?,?,?,?,?,?,?,?,?,?,?,?,?,?,?,?,?,?,?,?,?,SHEET,1,1100,762,?,0,?,3
?,C,M,0,0,?,?,?,600,?,?,G,?,?,?,?,?,?,?,?,?,?,?,?,?,?,?,?,?,?,?,COIL,1.6,1090,0,?,0,?,2
?,C,A,0,85,T,?,?,0,?,?,G,?,?,?,?,?,?,?,?,?,?,?,?,?,?,?,?,?,?,?,COIL,3.2,610,0,Y,0,?,U
?,C,A,0,45,?,S,?,0,?,?,D,?,?,?,?,?,?,?,?,?,?,?,?,?,?,?,?,?,?,?,SHEET,0.599,520,4880,?,0,?,3
ZS,C,R,0,0,?,A,2,0,?,?,G,?,?,?,?,?,?,?,?,?,?,?,?,?,?,?,?,?,?,?,COIL,0.25,20,0,?,0,?,3
?,C,S,0,0,?,?,?,400,?,?,?,?,?,?,?,?,?,?,?,?,?,?,?,?,?,V,?,?,?,?,COIL,0.8,75,0,?,0,?,1
?,C,R,0,0,?,S,2,0,?,?,E,?,?,?,?,?,?,?,?,?,?,?,?,?,?,?,?,?,?,?,SHEET,0.699,610,4880,Y,0,?,3
?,C,A,0,0,?,S,2,0,?,?,G,?,?,?,Y,?,?,?,?,?,?,?,?,?,?,?,?,?,?,?,SHEET,0.7,1300,4880,?,0,?,3
?,C,A,0,45,?,S,?,0,?,?,D,?,?,?,?,B,?,?,?,?,?,?,?,?,?,?,?,?,?,?,COIL,0.699,1320,0,?,0,?,3
?,C,A,4,0,T,?,?,0,?,?,G,?,?,?,?,?,?,?,?,?,?,?,?,?,?,?,?,?,?,?,COIL,1,1130,0,?,0,?,3
?,C,?,0,50,T,?,?,0,?,?,G,?,?,?,?,?,?,?,?,?,?,?,?,?,?,?,Y,?,?,?,COIL,0.451,1320,0,?,0,?,3
TN,C,A,0,0,?,?,3,0,N,?,?,?,?,?,?,?,?,?,?,?,?,?,?,Y,?,?,?,?,?,?,COIL,1.6,1220,0,?,0,?,5
?,C,W,0,0,?,?,?,310,?,?,G,?,?,?,?,?,?,?,?,?,?,?,?,?,?,?,?,?,?,?,COIL,1.599,1275,0,?,0,?,3
TN,C,A,0,0,?,?,3,0,N,?,?,?,?,?,?,?,?,?,C,?,?,?,?,?,?,?,?,?,?,?,SHEET,1.6,610,4880,?,0,?,5
?,C,R,0,0,?,S,3,0,?,?,?,?,?,?,?,?,?,?,?,?,?,?,?,?,?,?,?,?,?,?,COIL,1.599,610,0,?,0,?,2
?,C,R,0,0,?,S,2,0,?,?,?,?,?,?,?,B,Y,?,?,?,?,?,?,?,?,?,?,?,?,?,SHEET,2,610,4170,?,0,?,2
?,C,R,0,0,?,S,2,0,?,?,E,?,?,?,?,?,?,?,?,?,?,?,?,?,?,?,?,?,?,?,COIL,1.2,1220,0,?,0,?,3
?,C,K,45,0,?,?,?,0,?,?,?,?,?,?,?,?,?,?,?,?,?,?,?,?,?,?,?,?,?,?,COIL,1.09,610,0,?,0,?,3
?,C,R,0,0,?,S,2,0,?,?,?,?,?,?,?,B,Y,?,?,?,?,?,?,?,?,?,?,?,?,?,SHEET,1.599,1300,762,?,0,?,2
?,C,V,0,0,?,S,2,0,?,?,?,2,?,?,?,?,?,?,?,?,?,?,?,?,?,?,?,?,?,?,COIL,1.201,1525,0,?,0,?,2
?,C,K,55,0,?,?,?,0,?,?,?,?,?,?,Y,?,?,?,?,?,?,?,?,?,?,?,?,?,?,?,COIL,1.1,900,0,?,0,?,3
?,C,R,0,0,?,S,3,0,?,?,?,?,?,?,?,?,?,?,?,?,?,?,?,?,?,?,?,?,?,?,SHEET,2,1525,612,?,0,?,2
?,C,A,0,0,?,S,2,0,?,?,E,?,?,?,?,M,?,?,?,?,?,?,?,?,?,?,?,?,?,?,COIL,3.5,610,0,?,600,?,3
?,C,A,0,50,T,?,?,0,?,?,G,?,?,?,Y,?,?,?,?,?,?,?,?,?,?,?,?,?,?,?,COIL,0.6,610,0,?,0,?,3
TN,C,A,0,0,?,?,3,0,N,?,?,?,?,?,?,?,?,?,?,P,?,?,?,?,?,?,?,?,?,?,COIL,1.6,610,0,?,0,?,5
?,C,W,0,0,?,?,?,310,?,?,G,?,?,Y,?,?,?,?,?,?,?,?,?,?,?,?,?,?,?,?,SHEET,2.5,610,4880,?,0,?,3
?,C,A,0,60,T,?,?,0,?,?,G,?,?,?,?,?,?,?,?,?,?,?,?,?,?,?,Y,?,?,?,COIL,0.6,50,0,?,0,?,3
?,C,A,0,45,?,S,?,0,?,?,D,?,?,?,?,?,?,?,?,?,?,?,?,?,?,?,?,?,?,?,SHEET,0.699,1320,760,N,0,?,3
?,C,R,0,0,?,A,3,0,?,?,G,?,?,?,?,?,?,?,?,?,Y,?,?,?,?,?,?,?,?,?,COIL,0.4,58,0,?,0,?,3
?,C,R,0,0,?,S,2,0,?,?,E,?,?,?,?,B,?,?,?,?,?,?,?,?,?,?,?,?,?,?,COIL,3.2,609.9,0,?,0,?,3
?,C,?,0,0,?,A,2,0,?,?,G,?,?,?,?,?,?,?,?,?,?,?,?,?,?,?,?,?,?,?,COIL,0.7,1320,0,?,0,?,3
ZS,C,A,0,50,T,?,?,0,?,?,E,?,?,Y,?,?,?,?,?,?,?,?,?,?,?,?,?,?,?,?,COIL,1.6,1250,0,?,0,?,3
?,C,R,0,0,?,S,3,0,?,?,?,?,?,?,?,?,?,?,?,?,?,?,?,?,?,?,?,?,?,?,SHEET,1.601,830,881,?,0,?,2
?,C,M,0,0,?,?,?,350,?,?,G,?,?,?,Y,?,?,?,?,?,?,?,?,?,?,?,?,?,?,?,COIL,0.9,1320,0,?,0,?,3
?,C,V,0,0,?,S,2,0,?,?,?,2,?,?,?,?,?,?,?,?,?,?,?,?,?,?,?,?,?,?,COIL,2,1525,0,?,0,?,2
?,C,A,0,0,?,S,2,0,?,?,F,?,?,Y,?,B,?,?,?,?,?,?,?,?,?,?,?,?,?,?,SHEET,0.699,520,762,?,0,?,3
?,C,A,0,60,T,?,?,0,?,?,G,?,?,?,?,?,?,?,?,?,Y,?,?,?,?,?,?,?,?,?,COIL,0.8,710.1,0,?,0,?,3
ZS,C,A,0,50,T,?,?,0,?,?,E,?,?,?,?,?,?,?,?,?,?,?,?,?,?,?,?,?,?,?,COIL,0.6,610,0,?,0,?,3
?,C,R,0,0,?,?,?,500,?,?,?,?,?,?,Y,?,?,?,?,?,?,?,?,?,?,?,?,?,?,?,COIL,1.6,1320,0,?,0,?,3
?,C,R,0,0,?,S,3,0,?,?,E,?,?,?,?,?,?,?,?,?,?,?,?,?,?,?,?,?,?,?,SHEET,0.6,610,4880,?,0,?,3
?,C,A,0,0,?,S,2,0,?,?,E,?,?,?,?,B,Y,?,?,?,?,?,?,?,?,?,?,?,?,?,SHEET,1.6,1320,1000,?,0,?,3
?,C,A,0,0,?,S,2,0,?,?,G,?,?,?,?,B,Y,?,?,?,?,?,?,?,?,?,?,?,?,?,SHEET,0.7,610,4880,?,0,?,3
?,C,A,0,45,?,S,?,0,?,?,D,?,?,?,?,?,?,?,?,?,?,?,?,?,?,?,?,?,?,?,COIL,0.699,1320,0,N,0,?,3
?,C,A,0,85,T,?,?,0,?,?,G,?,?,?,?,M,?,?,?,?,?,?,?,?,?,?,Y,?,?,?,COIL,3.201,1000,0,?,600,?,U
TN,C,A,0,0,?,?,3,0,N,?,?,?,?,?,?,B,?,?,?,?,?,?,?,Y,?,?,?,?,?,?,SHEET,0.6,1220,4880,?,0,?,5
ZS,C,A,0,0,?,S,3,0,N,?,E,?,?,?,?,?,?,?,?,?,?,?,?,?,?,?,?,?,?,?,COIL,1,75,0,?,0,?,3
TN,C,?,0,0,?,A,1,0,?,?,?,?,?,?,?,?,?,?,?,P,?,?,?,?,?,?,?,?,?,?,COIL,1.6,1220,0,?,0,?,5
?,C,A,0,0,?,S,2,0,?,?,E,?,?,?,?,B,?,?,?,?,?,?,?,?,?,?,?,?,?,?,COIL,3.2,609.9,0,?,0,?,3
?,C,R,0,0,?,S,2,0,?,?,E,?,?,?,?,?,?,?,?,?,?,?,?,?,?,?,Y,?,?,?,COIL,0.7,1320,0,?,0,?,3
?,C,A,0,70,T,?,?,0,?,?,G,?,?,?,?,B,?,?,?,?,?,?,?,?,?,?,?,?,?,?,COIL,2.5,609.9,0,?,0,?,3
?,C,A,0,0,?,S,2,0,?,?,F,?,?,Y,?,B,Y,?,?,?,?,?,?,?,?,?,?,?,?,?,SHEET,0.699,609.9,0,?,0,?,3
?,C,R,0,0,?,S,2,0,?,?,E,?,?,?,?,B,Y,?,?,?,?,?,?,?,?,?,?,?,?,?,SHEET,3.2,610,1000,?,0,?,3
?,C,R,0,0,?,S,2,0,?,?,E,?,?,?,?,?,?,?,?,?,?,?,?,?,?,?,?,?,?,?,COIL,0.9,966.1,0,?,0,?,3
?,C,A,0,0,?,S,3,0,N,?,E,?,?,?,Y,?,?,?,?,?,?,?,?,?,?,?,?,?,?,?,COIL,1.001,610,0,?,0,?,3
?,C,R,0,0,?,S,3,0,?,?,E,?,?,?,?,?,?,?,?,?,?,?,?,?,?,?,?,?,?,?,SHEET,0.601,375,612,?,0,?,3
TN,C,A,0,0,?,?,3,0,N,?,?,?,?,?,?,?,?,?,C,?,?,?,?,?,?,?,?,?,?,?,COIL,0.8,50,0,?,0,?,5
?,C,K,45,0,?,?,?,0,?,?,?,?,?,?,?,?,?,?,?,?,?,?,?,?,?,?,?,?,?,?,COIL,0.6,610,0,?,0,?,3
?,C,A,0,0,?,S,2,0,?,?,E,?,?,?,?,?,?,?,?,?,?,?,?,?,?,?,?,?,?,?,COIL,3.2,1320,0,?,0,?,3
TN,C,A,0,0,?,?,3,0,N,?,?,?,?,?,?,?,?,?,C,?,?,?,?,?,?,?,?,?,?,?,SHEET,0.6,610,4880,?,0,?,5
?,C,A,0,0,?,S,2,0,?,?,F,?,?,?,?,?,?,?,?,?,?,?,?,?,?,?,?,?,?,?,SHEET,0.999,1220,762,?,0,?,3
?,C,R,0,0,?,S,2,0,?,?,?,?,?,?,?,?,?,?,?,?,?,?,?,?,?,?,?,?,?,?,COIL,1.6,50,0,?,0,?,2
?,C,A,0,0,?,S,2,0,?,?,G,?,?,?,?,?,?,?,?,?,?,?,?,?,?,?,?,?,?,?,SHEET,1.2,335,4170,?,0,?,3
ZS,C,A,0,0,?,S,5,0,N,?,E,?,?,?,?,?,?,?,?,?,?,?,?,?,?,?,?,?,?,?,SHEET,1.2,1250,4880,N,0,?,3
?,C,W,0,0,?,?,?,310,?,?,G,?,?,?,?,?,?,?,?,?,?,?,?,?,?,?,?,?,?,?,COIL,2.5,1274.9,0,?,600,?,3
?,C,R,0,0,?,S,2,0,?,?,E,?,?,?,?,?,?,?,?,?,?,?,?,?,?,?,?,?,?,?,COIL,0.7,610,0,?,0,?,3
?,C,V,0,0,?,S,2,0,?,?,?,2,?,?,?,?,?,?,?,?,?,?,?,?,?,?,?,?,?,?,SHEET,0.8,1320,1,?,0,?,2
?,C,A,0,85,T,?,?,0,?,?,G,?,?,?,?,?,?,?,?,?,?,?,?,?,?,?,?,?,?,?,COIL,3.2,609.9,0,?,0,?,U
TN,C,A,0,0,?,?,3,0,N,?,?,?,?,?,?,?,?,?,?,?,?,?,?,Y,?,?,?,?,?,?,COIL,1.6,50,0,?,0,?,5
?,C,A,0,0,?,S,2,0,?,?,E,?,?,Y,?,?,?,?,?,?,?,?,?,?,?,?,?,?,?,?,SHEET,0.699,610,4880,Y,0,?,3
?,C,A,0,0,?,S,2,0,?,?,E,?,?,Y,?,B,Y,?,?,?,?,?,?,?,?,?,?,?,?,?,SHEET,1.599,1300,4880,?,0,?,3
?,C,A,0,0,?,S,2,0,?,?,E,?,?,Y,?,?,?,?,?,?,?,?,?,?,?,?,?,?,?,?,SHEET,0.7,610,4880,?,0,?,3
?,C,A,0,0,?,S,3,0,N,?,E,?,?,?,?,?,?,?,?,?,?,?,?,?,?,?,Y,?,?,?,COIL,0.6,1320,0,?,0,?,3
?,C,?,0,0,?,A,2,0,?,?,G,?,?,?,?,?,?,?,?,?,?,?,?,?,?,?,?,?,?,?,SHEET,0.301,610,4880,Y,0,?,3
?,C,A,0,0,?,S,2,0,?,?,F,?,?,Y,?,B,Y,?,?,?,?,?,?,?,?,?,?,?,?,?,SHEET,0.6,1220,762,?,0,?,3
ZS,C,R,0,0,?,?,?,300,?,?,?,?,?,?,?,?,?,?,?,?,?,?,Y,?,?,?,?,?,?,?,COIL,0.8,915.1,0,?,0,?,1
?,C,A,0,85,T,?,?,0,?,?,G,?,?,?,?,M,?,?,?,?,?,?,?,?,?,?,?,?,?,?,COIL,4,1000,0,?,600,?,U
?,C,K,65,0,?,?,?,0,?,?,?,?,?,?,Y,M,?,?,?,?,?,?,?,?,?,?,?,?,?,?,COIL,1.5,640,0,?,0,?,3
TN,C,A,0,0,?,?,3,0,N,?,?,?,?,?,?,?,?,?,C,?,?,?,?,?,?,?,?,?,?,?,SHEET,1.2,335,612,?,0,?,5
?,C,A,0,0,?,S,2,0,?,?,F,?,?,Y,?,?,Y,?,?,?,?,?,?,?,?,?,?,?,?,?,SHEET,0.6,520,4880,?,0,?,3
?,C,A,0,0,?,S,2,0,?,?,E,?,?,Y,?,?,?,?,?,?,?,?,?,?,?,?,?,?,?,?,COIL,1.6,1320,0,?,0,?,3
?,C,R,0,0,?,S,2,0,?,?,E,?,?,?,?,?,?,?,?,?,?,?,?,?,?,?,Y,?,?,?,COIL,3.2,1320,0,?,0,?,3
?,C,A,0,0,?,S,2,0,?,?,G,?,?,?,?,?,?,?,?,?,?,?,?,?,?,?,?,?,?,?,COIL,0.4,20,0,?,0,?,3
?,C,A,0,0,?,S,2,0,?,?,E,?,?,Y,?,?,?,?,?,?,?,?,?,?,?,?,?,?,?,?,SHEET,0.3,610,4880,Y,0,?,3
?,C,A,0,0,?,S,2,0,?,?,F,?,?,Y,?,B,?,?,?,?,?,?,?,?,?,?,?,?,?,?,SHEET,0.6,610,4880,?,0,?,3
?,C,A,0,0,?,S,2,0,?,?,F,?,?,Y,?,?,Y,?,?,?,?,?,?,?,?,?,?,?,?,?,SHEET,0.699,520,4880,?,0,?,3
?,C,A,0,45,?,S,?,0,?,?,D,?,?,?,?,B,Y,?,?,?,?,?,?,?,?,?,?,?,?,?,SHEET,0.3,610,762,?,0,?,3
?,C,R,0,0,?,S,2,0,?,?,E,?,?,Y,?,?,?,?,?,?,?,?,?,?,?,?,?,?,?,?,COIL,0.699,610,0,?,0,3,3
?,C,R,0,0,?,S,2,0,?,?,E,?,?,?,?,?,?,?,?,?,?,?,?,?,?,?,?,?,?,?,SHEET,3.2,610,762,?,0,?,3
ZS,C,A,0,50,T,?,?,0,?,?,E,?,?,?,?,?,?,?,?,?,?,?,?,?,?,?,?,?,?,?,COIL,0.6,1250,0,?,0,?,3
?,C,A,0,0,?,S,2,0,?,?,E,?,?,Y,?,?,?,?,?,?,?,?,?,?,?,?,?,?,?,?,COIL,1.6,1320,0,?,0,?,3
?,C,A,0,0,?,S,2,0,?,?,E,?,?,?,?,?,?,?,?,?,?,?,?,?,?,?,?,?,?,?,SHEET,0.3,1320,762,Y,0,?,3
?,C,R,0,0,?,S,2,0,?,?,E,?,?,?,?,?,?,?,?,?,?,?,?,?,?,?,?,?,?,?,SHEET,0.699,610,762,N,0,?,3
?,C,R,0,0,?,S,2,0,?,?,E,?,?,?,?,?,?,?,?,?,?,?,?,?,?,?,?,?,?,?,COIL,0.901,966.1,0,?,0,?,3
?,C,R,0,0,?,S,2,0,?,?,E,?,?,?,?,B,Y,?,?,?,?,?,?,?,?,?,?,?,?,?,SHEET,0.3,595,4880,?,0,?,3
?,C,A,0,0,?,S,2,0,?,?,F,?,?,Y,?,B,Y,?,?,?,?,?,?,?,?,?,?,?,?,?,SHEET,0.6,1220,4880,?,0,?,3
?,C,A,0,0,?,S,2,0,?,?,F,?,?,Y,?,?,Y,?,?,?,?,?,?,?,?,?,?,?,?,?,SHEET,0.699,609.9,4880,?,0,?,3
?,C,S,70,0,?,?,?,0,?,?,?,?,?,?,?,M,?,?,?,?,?,?,?,?,?,?,?,?,?,?,SHEET,2,1000,4880,?,0,?,3
?,C,A,0,0,?,S,3,0,N,?,E,?,?,?,?,?,?,?,?,?,?,?,?,?,?,?,?,?,?,?,SHEET,1,610,4880,?,0,?,3
?,C,?,0,0,?,S,1,0,?,?,G,?,?,?,?,?,?,?,?,?,?,?,?,?,?,?,?,?,?,?,COIL,3.2,60,0,?,0,?,3
?,C,K,55,0,?,?,?,0,?,?,?,?,?,?,?,?,?,?,?,?,?,?,?,?,?,?,?,?,?,?,COIL,1,900,0,?,0,?,3
?,C,A,0,45,?,S,?,0,?,?,D,?,?,?,?,?,?,?,?,?,?,?,?,?,?,?,?,?,?,?,COIL,0.7,1320,0,?,0,?,3
?,C,R,0,0,?,S,2,0,?,?,E,?,?,Y,?,?,?,?,?,?,?,?,?,?,?,?,?,?,?,?,COIL,1.6,1320,0,?,0,3,3
?,C,A,0,45,?,S,?,0,?,?,D,?,?,?,?,?,?,?,?,?,?,?,?,?,?,?,?,?,?,?,SHEET,1.6,610,762,?,0,?,3
?,C,K,55,0,?,?,?,0,?,?,?,?,?,?,?,M,?,?,?,?,?,?,?,?,?,?,Y,?,?,?,COIL,2.3,900,0,?,500,?,3
?,C,R,0,0,?,S,2,0,?,?,?,?,?,?,Y,?,?,?,?,?,?,?,?,?,?,?,?,?,?,?,SHEET,0.8,1300,762,?,0,?,2
?,C,?,0,0,?,A,2,0,?,?,G,?,?,?,?,?,?,?,?,?,?,?,?,?,?,?,?,?,?,?,SHEET,0.301,1320,4880,Y,0,?,3
?,C,A,0,50,T,?,?,0,?,?,G,?,?,?,Y,?,?,?,?,?,?,?,?,?,?,?,?,?,?,?,COIL,0.601,610,0,?,0,?,3
?,C,R,0,0,?,S,2,0,?,?,E,?,?,?,?,?,?,?,?,?,?,?,?,?,?,?,?,?,?,?,SHEET,3.2,1320,762,?,0,?,3
?,C,M,0,0,?,?,?,600,?,?,G,?,?,?,Y,?,?,?,?,?,?,?,?,?,?,?,?,?,?,?,COIL,1.3,1090,0,?,0,?,2
?,C,A,0,0,?,S,2,0,?,?,F,?,?,?,?,?,?,?,?,?,?,?,?,?,?,?,?,?,?,?,SHEET,0.699,520,4880,?,0,?,3
?,C,M,0,0,?,?,?,600,?,?,G,?,?,?,Y,?,?,?,?,?,?,?,?,?,?,?,?,?,?,?,SHEET,0.9,610,1220,?,0,?,2
?,C,R,0,0,?,S,2,0,?,?,E,?,?,?,Y,?,?,?,?,?,?,?,?,?,?,?,?,?,?,?,SHEET,3.2,1300,762,?,0,?,3
?,C,M,0,0,?,?,?,350,?,?,G,?,?,?,?,?,?,?,?,?,?,?,?,?,?,?,?,?,?,?,COIL,1.399,609.9,0,?,0,?,3
?,C,R,0,0,?,S,3,0,?,?,?,?,?,?,?,?,?,?,?,?,?,?,?,?,?,?,?,?,?,?,SHEET,1.599,610,761,?,0,?,2
?,C,A,0,0,?,S,2,0,?,?,E,?,?,?,?,?,?,?,?,?,?,?,?,?,?,?,?,?,?,?,COIL,0.699,610,0,N,0,?,3
?,C,R,0,0,?,S,2,0,?,?,E,?,?,?,?,?,?,?,?,?,?,?,?,?,?,?,?,?,?,?,COIL,0.7,1220,0,?,0,?,3
?,C,R,0,0,?,S,2,0,?,?,E,?,?,?,Y,?,?,?,?,?,?,?,?,?,?,?,?,?,?,?,COIL,0.699,1320,0,?,0,?,3
?,C,A,0,45,?,S,?,0,?,?,D,?,?,?,?,?,?,?,?,?,?,?,?,?,?,?,?,?,?,?,SHEET,0.599,610,761,?,0,?,3
?,C,A,0,0,?,S,2,0,?,?,F,?,?,Y,?,?,?,?,?,?,?,?,?,?,?,?,?,?,?,?,SHEET,0.699,610,400,?,0,?,3
?,C,A,0,45,?,S,?,0,?,?,D,?,?,?,?,?,?,?,?,?,?,?,?,?,?,?,?,?,?,?,SHEET,1.6,1320,612,?,0,?,3
TN,C,?,0,0,?,A,1,0,?,?,?,?,?,?,?,?,?,?,C,?,?,?,?,?,?,?,?,?,?,?,SHEET,0.5,609.9,612,?,0,?,5
?,C,A,0,45,?,S,?,0,?,?,D,?,?,?,?,B,?,?,?,?,?,?,?,?,?,?,?,?,?,?,COIL,0.301,1320,0,?,0,?,3
?,C,K,65,0,?,?,?,0,?,?,?,?,?,?,?,M,?,?,?,?,?,?,?,?,?,?,?,?,?,?,COIL,3.2,640,0,?,500,?,3
?,C,A,0,0,?,S,3,0,N,?,F,?,?,?,?,B,Y,?,?,?,Y,?,?,?,?,?,?,?,?,?,SHEET,0.6,610,762,?,0,?,3
TN,C,A,0,0,?,?,3,0,N,?,?,?,?,?,?,?,?,?,?,?,?,?,?,Y,?,?,?,?,?,?,COIL,0.6,249.9,0,?,0,?,5
?,C,R,0,0,?,S,2,0,?,?,E,?,?,?,?,?,?,?,?,?,?,?,?,?,?,?,?,?,?,?,COIL,0.7,610,0,?,0,?,3
?,C,R,0,0,?,S,2,0,?,?,E,?,?,Y,?,?,Y,?,?,?,?,?,?,?,?,?,?,?,?,?,SHEET,3.2,1300,762,?,0,?,3
?,C,A,0,0,?,S,2,0,?,?,E,?,?,?,?,?,Y,?,?,?,?,?,?,?,?,?,?,?,?,?,SHEET,1.599,1320,762,?,0,?,3
?,C,A,0,0,?,S,2,0,?,?,E,?,?,Y,?,?,?,?,?,?,?,?,?,?,?,?,?,?,?,?,COIL,0.8,609.9,0,?,0,?,3
?,C,A,0,60,T,?,?,0,N,?,G,?,?,?,?,?,?,?,?,?,?,?,?,?,?,?,?,?,?,?,COIL,1.9,1135,0,?,600,?,3
?,C,V,0,0,?,S,2,0,?,?,?,1,?,?,?,?,?,?,?,?,?,?,?,?,?,?,?,?,?,?,COIL,0.699,609.9,0,?,0,?,3
?,C,A,0,0,?,S,2,0,?,?,E,?,?,?,?,?,?,?,?,?,Y,?,?,?,?,?,?,?,?,?,COIL,0.699,610,0,?,0,?,3
?,C,R,0,0,?,S,3,0,?,?,?,?,?,?,?,?,Y,?,?,?,?,?,?,?,?,?,?,?,?,?,SHEET,0.8,1320,762,?,0,?,2
?,C,R,0,0,?,S,2,0,?,?,E,?,?,?,?,?,?,?,?,?,?,?,?,?,?,?,?,?,?,?,COIL,0.901,966,0,?,0,?,3
?,C,A,0,0,?,S,2,0,?,?,G,?,?,?,?,B,Y,?,?,?,?,?,?,?,?,?,?,?,?,?,SHEET,0.7,610,762,?,0,?,3
ZS,C,A,0,0,?,S,5,0,N,?,E,?,?,?,?,?,?,?,?,?,?,?,?,?,?,?,?,?,?,?,COIL,0.8,75,0,?,0,?,3
?,C,R,0,0,?,S,2,0,?,?,E,?,?,?,?,?,?,?,?,?,Y,?,?,?,?,?,?,?,?,?,SHEET,0.7,1320,762,?,0,?,3
ZS,C,A,0,50,T,?,?,0,?,?,E,?,?,Y,?,?,?,?,?,?,?,?,?,?,?,?,?,?,?,?,SHEET,0.601,1250,762,?,0,?,3
?,C,A,0,60,T,?,?,0,?,?,G,?,?,?,?,?,?,?,?,?,?,?,?,?,?,?,?,?,?,?,COIL,0.799,609,0,?,0,?,3
?,C,R,6,0,T,?,?,0,?,?,?,?,?,Y,?,?,?,?,?,?,?,?,?,?,?,?,?,?,?,?,SHEET,1,610,4880,?,0,?,3
ZS,C,A,0,50,T,?,?,0,?,?,E,?,?,Y,?,?,?,?,?,?,Y,?,?,?,?,?,?,?,?,?,COIL,0.6,20,0,?,0,?,3
?,C,K,45,0,?,?,?,0,?,?,?,?,?,?,?,?,?,?,?,?,?,?,?,?,?,?,Y,?,?,?,COIL,0.6,900,0,?,0,?,3
?,C,R,6,0,T,?,?,0,?,?,?,?,?,?,?,?,?,?,?,?,?,?,?,?,?,?,?,?,?,?,SHEET,1,610,762,?,0,?,3
TN,C,?,0,0,?,A,1,0,?,?,?,?,?,?,?,?,?,?,?,?,?,?,?,Y,?,?,?,?,?,?,COIL,0.5,250,0,?,0,?,5
TN,C,A,0,0,?,?,3,0,N,?,?,?,?,?,?,?,?,?,C,?,?,?,?,?,?,?,?,?,?,?,COIL,0.6,50,0,?,0,?,5
?,C,W,0,0,?,?,?,310,?,?,G,?,?,Y,?,?,?,?,?,?,?,?,?,?,?,?,?,?,?,?,SHEET,2.5,1274.9,762,?,0,?,3
?,C,A,0,60,T,?,?,0,?,?,G,?,?,?,?,B,Y,?,?,?,Y,?,?,?,?,?,?,?,?,?,SHEET,0.801,255.1,270,?,0,?,3
?,C,R,0,0,?,S,2,0,?,?,?,?,?,?,?,?,?,?,?,?,?,?,?,?,?,?,?,?,?,?,SHEET,1.6,1500,4170,?,0,?,2
?,C,R,0,0,?,S,2,0,?,?,?,?,?,?,?,B,?,?,?,?,?,?,?,?,?,?,?,?,?,?,SHEET,0.8,610,4880,?,0,?,2
?,C,A,0,0,?,S,3,0,N,?,E,?,?,?,?,?,?,?,?,?,?,?,?,?,?,?,?,?,?,?,COIL,0.6,20,0,?,0,?,3
?,C,A,0,0,?,S,2,0,?,?,G,?,?,?,?,?,?,?,?,?,?,?,?,?,?,?,Y,?,?,?,COIL,0.7,1320,0,?,0,?,3
TN,C,?,0,0,?,A,1,0,?,?,?,?,?,?,?,?,?,?,C,?,?,?,?,?,?,?,?,?,?,?,COIL,1.6,610,0,?,0,?,5
?,C,A,0,0,?,S,2,0,?,?,F,?,?,?,?,?,?,?,?,?,?,?,?,?,?,?,?,?,?,?,SHEET,0.7,1220,4880,?,0,?,3
?,C,A,0,85,T,?,?,0,?,?,G,?,?,?,?,?,?,?,?,?,?,?,?,?,?,?,?,?,?,?,SHEET,0.3,1220,762,?,0,?,U
?,C,A,0,0,?,S,2,0,?,?,G,?,?,?,?,?,?,?,?,?,?,?,?,?,?,?,Y,?,?,?,COIL,3.2,610,0,?,0,?,3
?,C,A,0,0,?,S,3,0,N,?,E,?,?,?,?,?,?,?,?,?,?,?,?,?,?,?,?,?,?,?,SHEET,0.601,610,762,?,0,?,3
?,C,R,0,0,?,S,2,0,?,?,E,?,?,?,?,?,?,?,?,?,Y,?,?,?,?,?,?,?,?,?,COIL,0.321,610,0,?,0,?,3
?,C,A,0,0,?,S,3,0,N,?,E,?,?,?,?,?,?,?,?,?,Y,?,?,?,?,?,?,?,?,?,COIL,0.601,1220,0,?,0,?,3
?,C,R,0,0,?,S,2,0,?,?,E,?,?,Y,?,?,?,?,?,?,?,?,?,?,?,?,?,?,?,?,COIL,0.699,610,0,?,0,?,3
?,C,R,0,0,?,S,2,0,?,?,E,?,?,Y,?,?,?,?,?,?,?,?,?,?,?,?,?,?,?,?,SHEET,3.2,150,4880,?,0,?,3
?,C,A,0,0,?,S,2,0,?,?,F,?,?,?,?,?,?,?,?,?,?,?,?,?,?,?,?,?,?,?,SHEET,0.7,1220,762,?,0,?,3
TN,C,?,0,0,?,A,1,0,?,?,?,?,?,?,?,?,?,?,C,?,?,?,?,?,?,?,?,?,?,?,COIL,0.6,250,0,?,0,?,5
?,C,A,0,85,T,?,?,0,?,?,G,?,?,?,?,?,?,?,?,?,?,?,?,?,?,?,?,?,?,?,COIL,3.2,1220,0,Y,0,?,U
?,C,R,0,0,?,S,2,0,?,?,?,?,?,Y,?,?,?,?,?,?,?,?,?,?,?,?,?,?,?,?,SHEET,0.8,1320,762,?,0,?,2
?,C,S,0,0,?,?,?,400,?,?,?,?,?,?,?,?,?,?,?,?,?,?,?,?,?,?,?,?,?,?,COIL,0.8,609.9,0,?,0,?,1
?,C,A,0,0,?,S,3,0,N,?,F,?,?,?,?,B,Y,?,?,?,Y,?,?,?,?,?,?,?,?,?,SHEET,1.2,610,4170,?,0,?,3
?,C,A,0,0,?,S,2,0,?,?,F,?,?,Y,?,B,Y,?,?,?,?,?,?,?,?,?,?,?,?,?,SHEET,0.699,1320,761,?,0,?,3
?,C,R,0,0,?,S,3,0,?,?,?,?,?,?,?,B,Y,?,?,?,?,?,?,?,?,?,?,?,?,?,SHEET,0.8,1320,4880,?,0,?,2
?,C,R,0,0,?,S,2,0,?,?,E,?,?,Y,?,?,?,?,?,?,?,?,?,?,?,?,?,?,?,?,SHEET,3.2,150,762,?,0,?,3
?,C,M,0,0,?,?,?,600,?,?,G,?,?,?,?,?,?,?,?,?,?,?,?,?,?,?,?,?,?,?,SHEET,1.299,1050,1220,?,0,?,2
?,C,R,0,0,?,S,2,0,?,?,E,?,?,Y,?,?,Y,?,?,?,?,?,?,?,?,?,?,?,?,?,SHEET,3.2,1300,4880,?,0,?,3
?,C,R,0,0,?,S,3,0,?,?,E,?,?,?,?,?,?,?,?,?,?,?,?,?,?,?,?,?,?,?,SHEET,0.6,375,4880,?,0,?,3
?,C,A,0,0,?,S,2,0,?,?,G,?,?,Y,?,B,Y,?,?,?,?,?,?,?,?,?,?,?,?,?,SHEET,0.7,610,762,?,0,?,3
?,C,R,6,0,T,?,?,0,?,?,?,?,?,Y,?,?,?,?,?,?,?,?,?,?,?,?,?,?,?,?,COIL,1.2,1220,0,?,0,?,3
?,C,S,0,0,?,?,?,400,?,?,?,?,?,?,?,?,?,?,?,?,?,?,?,?,?,?,?,?,?,?,COIL,1,75,0,?,0,?,1
?,C,R,6,0,T,?,?,0,?,?,?,?,?,Y,?,?,?,?,?,?,?,?,?,?,?,?,?,?,?,?,SHEET,1,1320,762,?,0,?,3
?,C,A,0,70,T,?,?,0,?,?,G,?,?,?,?,?,?,?,?,?,?,?,?,?,?,?,?,?,?,?,COIL,2.5,610,0,?,600,?,3
?,C,R,0,0,?,S,2,0,?,?,?,?,?,?,?,?,?,?,?,?,?,?,?,?,?,?,?,?,?,?,SHEET,0.8,610,4880,?,0,?,2
?,C,R,0,0,?,S,3,0,?,?,E,?,?,?,?,?,?,?,?,?,?,?,?,?,?,?,?,?,?,?,SHEET,0.6,520,762,?,0,?,3
?,C,?,0,70,T,?,?,0,?,?,G,?,?,?,?,?,?,?,?,?,?,?,?,?,?,?,Y,?,?,?,COIL,0.8,50,0,?,0,?,3
?,C,A,0,0,?,S,2,0,?,?,E,?,?,?,?,?,?,?,?,?,?,?,?,?,?,?,?,?,?,?,SHEET,0.3,1320,4880,Y,0,?,3
?,C,A,0,0,?,S,2,0,?,?,G,?,?,?,Y,?,?,?,?,?,?,?,?,?,?,?,?,?,?,?,COIL,0.7,610,0,?,0,?,3
?,C,?,0,0,?,?,?,500,?,P,?,?,?,?,?,?,?,?,?,?,?,?,?,?,?,?,?,?,?,?,SHEET,2,610,762,?,0,?,2
TN,C,?,0,0,?,A,1,0,?,?,?,?,?,?,?,?,?,?,?,?,?,?,?,Y,?,?,?,?,?,?,SHEET,0.5,609.9,3000,?,0,?,5
?,C,?,0,0,?,S,1,0,?,?,G,?,?,?,?,?,?,?,?,?,?,?,?,?,?,?,?,?,?,?,COIL,0.7,610,0,?,0,?,3
?,C,R,0,0,?,S,2,0,?,?,E,?,?,?,?,?,?,?,?,?,?,?,?,?,?,?,Y,?,?,?,SHEET,1,610,4880,?,0,?,3
